<?xml version="1.0" encoding="UTF-8"?><module codename="org.netbeans.core.windows/2">
    <module_version install_time="1495402908468" last="true" origin="installer" specification_version="2.81.1">
        <file crc="1059846727" name="config/Modules/org-netbeans-core-windows.xml"/>
        <file crc="3999290716" name="modules/locale/org-netbeans-core-windows_ja.jar"/>
        <file crc="203716825" name="modules/locale/org-netbeans-core-windows_pt_BR.jar"/>
        <file crc="2502897341" name="modules/locale/org-netbeans-core-windows_ru.jar"/>
        <file crc="2684748086" name="modules/locale/org-netbeans-core-windows_zh_CN.jar"/>
        <file crc="1826859427" name="modules/org-netbeans-core-windows.jar"/>
    </module_version>
</module>
