<?xml version="1.0" encoding="UTF-8"?><module codename="org.netbeans.modules.queries/1">
    <module_version install_time="1495402913180" last="true" origin="installer" specification_version="1.43.1">
        <file crc="28992633" name="config/ModuleAutoDeps/org-netbeans-modules-queries.xml"/>
        <file crc="4168841736" name="config/Modules/org-netbeans-modules-queries.xml"/>
        <file crc="1740154035" name="modules/locale/org-netbeans-modules-queries_ja.jar"/>
        <file crc="3070899188" name="modules/locale/org-netbeans-modules-queries_pt_BR.jar"/>
        <file crc="995985939" name="modules/locale/org-netbeans-modules-queries_ru.jar"/>
        <file crc="2097382941" name="modules/locale/org-netbeans-modules-queries_zh_CN.jar"/>
        <file crc="3727368525" name="modules/org-netbeans-modules-queries.jar"/>
    </module_version>
</module>
